variable,importance
trend_strength_feasts_q,12.1360030573075
CO_trev_1_num_catch22_vap,9.06497138659609
DN_Mean_catch22_sur_refl_b04,8.88137945015061
DN_Mean_catch22_500m_16_days_blue_reflectance,7.87954295043112
DN_Mean_catch22_sur_refl_b03,7.63275019138194
pacf5_feasts_q,7.53319243708409
CO_Embed2_Dist_tau_d_expfit_meandiff_catch22_aet,6.99642729320218
DN_Mean_catch22_500m_16_days_red_reflectance,6.5716674033388
nonzero_squared_cv_feasts_q,6.01401492914131
DN_Mean_catch22_500m_16_days_NDVI,5.51290998328006
trend_strength_feasts_humidity,4.9745879864535
diff2_acf1_feasts_tmin,4.72438653329847
diff1_pacf5_feasts_q,4.50688140828785
diff2_acf1_feasts_pet,4.40042334585856
trend_strength_feasts_tmin,4.10055143566737
diff2_acf1_feasts_vap,4.03980522402364
SB_MotifThree_quantile_hh_catch22_aet,3.72071729453009
DN_OutlierInclude_n_001_mdrmd_catch22_ppt,3.46436249095916
SP_Summaries_welch_rect_centroid_catch22_vpd,3.13419721202439
CO_HistogramAMI_even_2_5_catch22_ws,2.97318454600207
DN_OutlierInclude_p_001_mdrmd_catch22_srad,2.96390065210099
DN_OutlierInclude_p_001_mdrmd_catch22_pet,2.67692991541898
SB_BinaryStats_diff_longstretch0_catch22_vpd,2.11463454214279
DN_HistogramMode_5_catch22_pet,1.84986761091309
DN_OutlierInclude_p_001_mdrmd_catch22_humidity,1.56397707599016
DN_HistogramMode_5_catch22_vpd,1.48522475685289
pp_stat_feasts_sur_refl_b04,1.46357025655449
DN_Spread_Std_catch22_sur_refl_b03,1.43457527305192
acf1_feasts_sur_refl_b04,1.36825210409152
diff2_acf1_feasts_500m_16_days_blue_reflectance,1.33078607913394
CO_f1ecac_catch22_sur_refl_b04,1.29477582756812
IN_AutoMutualInfoStats_40_gaussian_fmmi_catch22_vpd,1.14860290129873
CO_Embed2_Dist_tau_d_expfit_meandiff_catch22_ws,1.06662739208884
DN_HistogramMode_10_catch22_srad,0.892044232161456
diff2_pacf5_feasts_500m_16_days_blue_reflectance,0.876378387101327
CO_trev_1_num_catch22_sur_refl_b02,0.853833038452695
diff2_pacf5_feasts_500m_16_days_red_reflectance,0.841656856503055
DN_HistogramMode_10_catch22_humidity,0.822643109522467
n_crossing_points_feasts_aet,0.81669999058251
pacf5_feasts_500m_16_days_NIR_reflectance,0.744414199456272
spectral_entropy_feasts_vpd,0.740210958083473
MD_hrv_classic_pnn40_catch22_tmax,0.724256333517797
MD_hrv_classic_pnn40_catch22_humidity,0.659751936693088
SB_BinaryStats_mean_longstretch1_catch22_500m_16_days_blue_reflectance,0.555339762880756
diff1_pacf5_feasts_sur_refl_b06,0.537224247220919
CO_FirstMin_ac_catch22_sur_refl_b04,0.529845266638157
DN_HistogramMode_10_catch22_500m_16_days_NIR_reflectance,0.4362251298635
CO_f1ecac_catch22_500m_16_days_red_reflectance,0.386903926143106
longest_flat_spot_feasts_def,0.356019007792006
DN_OutlierInclude_n_001_mdrmd_catch22_sur_refl_b04,0.353680630716771
longest_flat_spot_feasts_ppt,0.341018471170811
diff2_acf1_feasts_500m_16_days_NDVI,0.336916687059201
DN_OutlierInclude_p_001_mdrmd_catch22_500m_16_days_NIR_reflectance,0.335296379713868
DN_HistogramMode_5_catch22_500m_16_days_EVI,0.329612458518635
lambda_guerrero_feasts_500m_16_days_red_reflectance,0.317024854487919
CO_Embed2_Dist_tau_d_expfit_meandiff_catch22_sur_refl_b03,0.300695835678963
lambda_guerrero_feasts_500m_16_days_blue_reflectance,0.292876335930356
spectral_entropy_feasts_500m_16_days_EVI,0.288952514219747
CO_FirstMin_ac_catch22_sur_refl_b03,0.261944585776174
diff1_acf10_feasts_500m_16_days_NIR_reflectance,0.254957081551152
DN_HistogramMode_5_catch22_500m_16_days_blue_reflectance,0.242759770136483
DN_HistogramMode_5_catch22_sur_refl_b05,0.23362363910669
DN_HistogramMode_10_catch22_sur_refl_b02,0.229717512897746
CO_HistogramAMI_even_2_5_catch22_500m_16_days_NIR_reflectance,0.223883411613165
SB_MotifThree_quantile_hh_catch22_500m_16_days_red_reflectance,0.197981859786314
CO_HistogramAMI_even_2_5_catch22_sur_refl_b01,0.192101589782115
DN_HistogramMode_10_catch22_500m_16_days_red_reflectance,0.186091657388279
MD_hrv_classic_pnn40_catch22_ws,0.181591993230551
diff2_acf10_feasts_500m_16_days_EVI,0.172920593393813
DN_HistogramMode_5_catch22_sur_refl_b06,0.15733910228305
DN_HistogramMode_5_catch22_sur_refl_b04,0.148072081095533
spectral_entropy_feasts_soil,0.145985530182019
SP_Summaries_welch_rect_area_5_1_catch22_q,0.137049869376025
FC_LocalSimple_mean1_tauresrat_catch22_500m_16_days_red_reflectance,0.125565604990647
CO_trev_1_num_catch22_sur_refl_b04,0.113537736877508
SB_TransitionMatrix_3ac_sumdiagcov_catch22_500m_16_days_NIR_reflectance,0.113182109171903
SB_BinaryStats_mean_longstretch1_catch22_500m_16_days_NDVI,0.111700812809093
SP_Summaries_welch_rect_area_5_1_catch22_sur_refl_b05,0.101506720110864
ndiffs_feasts_sur_refl_b06,0.0986763754495405
spectral_entropy_feasts_sur_refl_b03,0.0894911069385646
longest_flat_spot_feasts_PDSI,0.0838874580346572
DN_HistogramMode_10_catch22_sur_refl_b03,0.0651428475483869
SB_BinaryStats_diff_longstretch0_catch22_sur_refl_b05,0.0538893842150076
spectral_entropy_feasts_500m_16_days_NDVI,0.0519562952494334
longest_flat_spot_feasts_soil,0.0487727408926519
bp_stat_feasts_sur_refl_b06,0.0428376109841162
lb_stat_feasts_sur_refl_b06,0.0424202892911662
longest_flat_spot_feasts_sur_refl_b02,0.0343257659252804
MD_hrv_classic_pnn40_catch22_500m_16_days_NDVI,0.0265670263860146
ndiffs_feasts_500m_16_days_red_reflectance,0.0132263820240398
PD_PeriodicityWang_th0_01_catch22_500m_16_days_blue_reflectance,-0.00290550380470102
MD_hrv_classic_pnn40_catch22_500m_16_days_EVI,-0.00398540056299651
CO_HistogramAMI_even_2_5_catch22_sur_refl_b06,-0.0105481895027876
PD_PeriodicityWang_th0_01_catch22_humidity,-0.011666920219859
pp_pvalue_feasts_500m_16_days_NIR_reflectance,-0.0205215322149711
SP_Summaries_welch_rect_area_5_1_catch22_500m_16_days_EVI,-0.0554144745259876
longest_flat_spot_feasts_500m_16_days_EVI,-0.0680551814061605
